product,is_number,scheme,order_reference,effective_date,withdrawn_date,source_url,last_verified
Sulphate Resisting Portland Cement,IS 12330,ISI/QCO,"Cement (Quality Control) Order, 2003, S.O. 191(E) dated 17 Feb 2003",2003-02-17,,https://www.bis.gov.in/MandatoryProducts/QCOrder/SO-No-191(E).pdf,2026-09-30
Low heat Portland Cement,IS 12600,ISI/QCO,"Cement (Quality Control) Order, 2003, S.O. 191(E) dated 17 Feb 2003",2003-02-17,,https://www.bis.gov.in/MandatoryProducts/QCOrder/SO-No-191(E).pdf,2026-09-30
Portland Pozzolana Cement-Part1 Fly-ash based,IS 1489 (Part 1),ISI/QCO,"Cement (Quality Control) Order, 2003, S.O. 191(E) dated 17 Feb 2003",2003-02-17,,https://www.bis.gov.in/MandatoryProducts/QCOrder/SO-No-191(E).pdf,2026-09-30
Portland Pozzolana Cement-Part 2 Calcined clay based,IS 1489 (Part 2),ISI/QCO,"Cement (Quality Control) Order, 2003, S.O. 191(E) dated 17 Feb 2003",2003-02-17,,https://www.bis.gov.in/MandatoryProducts/QCOrder/SO-No-191(E).pdf,2026-09-30
Ordinary Portland Cement,IS 269,ISI/QCO,"Cement (Quality Control) Order, 2003, S.O. 191(E) dated 17 Feb 2003",2003-02-17,,https://www.bis.gov.in/MandatoryProducts/QCOrder/SO-No-191(E).pdf,2026-09-30
Masonry Cement,IS 3466,ISI/QCO,"Cement (Quality Control) Order, 2003, S.O. 191(E) dated 17 Feb 2003",2003-02-17,,https://www.bis.gov.in/MandatoryProducts/QCOrder/SO-No-191(E).pdf,2026-09-30
Portland Slag Cement,IS 455,ISI/QCO,"Cement (Quality Control) Order, 2003, S.O. 191(E) dated 17 Feb 2003",2003-02-17,,https://www.bis.gov.in/MandatoryProducts/QCOrder/SO-No-191(E).pdf,2026-09-30
High Alumina Cement for Structural use,IS 6452,ISI/QCO,"Cement (Quality Control) Order, 2003, S.O. 191(E) dated 17 Feb 2003",2003-02-17,,https://www.bis.gov.in/MandatoryProducts/QCOrder/SO-No-191(E).pdf,2026-09-30
Super sulphated cement,IS 6909,ISI/QCO,"Cement (Quality Control) Order, 2003, S.O. 191(E) dated 17 Feb 2003",2003-02-17,,https://www.bis.gov.in/MandatoryProducts/QCOrder/SO-No-191(E).pdf,2026-09-30
Rapid hardening Portland cement,IS 8041,ISI/QCO,"Cement (Quality Control) Order, 2003, S.O. 191(E) dated 17 Feb 2003",2003-02-17,,https://www.bis.gov.in/MandatoryProducts/QCOrder/SO-No-191(E).pdf,2026-09-30
White Portland Cement,IS 8042,ISI/QCO,"Cement (Quality Control) Order, 2003, S.O. 191(E) dated 17 Feb 2003",2003-02-17,,https://www.bis.gov.in/MandatoryProducts/QCOrder/SO-No-191(E).pdf,2026-09-30
Hydrophobic Portland Cement,IS 8043,ISI/QCO,"Cement (Quality Control) Order, 2003, S.O. 191(E) dated 17 Feb 2003",2003-02-17,,https://www.bis.gov.in/MandatoryProducts/QCOrder/SO-No-191(E).pdf,2026-09-30
Oil well Cement,IS 8229,ISI/QCO,"Cement (Quality Control) Order, 2003, S.O. 191(E) dated 17 Feb 2003",2003-02-17,,https://www.bis.gov.in/MandatoryProducts/QCOrder/SO-No-191(E).pdf,2026-09-30
Safety of household and similar electrical appliances– Electric immersion water-heaters,IS 302 (Part 2) (Sec 201),ISI/QCO,"Electrical Wires, Cables, Appliances and Protection Devices and Accessories (Quality Control) Order, 2003, S.O. 189(E) dated 17 Feb 2003, Schedule item 1",2003-02-17,,https://www.bis.gov.in/MandatoryProducts/QCOrder/SO-No-189(E).pdf,2026-09-30
Safety of household and similar electrical appliances – Electric iron,IS 302 (Part 2) (Sec 3),ISI/QCO,"Electrical Wires, Cables, Appliances and Protection Devices and Accessories (Quality Control) Order, 2003, S.O. 189(E) dated 17 Feb 2003, Schedule item 2",2003-02-17,,https://www.bis.gov.in/MandatoryProducts/QCOrder/SO-No-189(E).pdf,2026-09-30
Safety of household and similar electrical appliances –Electric stoves,IS 302 (Part 2) (Sec 202),ISI/QCO,"Electrical Wires, Cables, Appliances and Protection Devices and Accessories (Quality Control) Order, 2003, S.O. 189(E) dated 17 Feb 2003, Schedule item 3",2003-02-17,,https://www.bis.gov.in/MandatoryProducts/QCOrder/SO-No-189(E).pdf,2026-09-30
Safety of household and similar electrical appliances- Room heaters,IS 302 (Part 2) (Sec 30),ISI/QCO,"Electrical Wires, Cables, Appliances and Protection Devices and Accessories (Quality Control) Order, 2003, S.O. 189(E) dated 17 Feb 2003, Schedule item 4",2003-02-17,,https://www.bis.gov.in/MandatoryProducts/QCOrder/SO-No-189(E).pdf,2026-09-30
Switches for domestic and similar purposes,IS 3854,ISI/QCO,"Electrical Wires, Cables, Appliances and Protection Devices and Accessories (Quality Control) Order, 2003, S.O. 189(E) dated 17 Feb 2003, Schedule item 5",2003-02-17,,https://www.bis.gov.in/MandatoryProducts/QCOrder/SO-No-189(E).pdf,2026-09-30
Tungsten filament general service electric lamps (upto100 W ),IS 418,ISI/QCO,"Electrical Wires, Cables, Appliances and Protection Devices and Accessories (Quality Control) Order, 2003, S.O. 189(E) dated 17 Feb 2003, Schedule item 7",2003-02-17,,https://www.bis.gov.in/MandatoryProducts/QCOrder/SO-No-189(E).pdf,2026-09-30
Self Ballasted Lamps for General Lighting Services – Part 1 : Safety Requirements & Part 2 : Performance Requirements,IS 15111 (Part 1),ISI/QCO,"Electrical Wires, Cables, Appliances and Protection Devices and Accessories (Quality Control) Order, 2003, S.O. 189(E) dated 17 Feb 2003, Schedule item 8",2003-08-17,,https://www.bis.gov.in/MandatoryProducts/QCOrder/SO-No-189(E).pdf,2026-09-30
Self Ballasted Lamps for General Lighting Services – Part 1 : Safety Requirements & Part 2 : Performance Requirements,IS 15111 (Part 2),ISI/QCO,"Electrical Wires, Cables, Appliances and Protection Devices and Accessories (Quality Control) Order, 2003, S.O. 189(E) dated 17 Feb 2003, Schedule item 9",2003-08-17,,https://www.bis.gov.in/MandatoryProducts/QCOrder/SO-No-189(E).pdf,2026-09-30
Residual current operated circuit breakers for house hold and similar uses-Part 1 Circuit breakers without integral overcurrent protection (RCCBs),IS 12640 (Part 1),ISI/QCO,"Electrical Wires, Cables, Appliances and Protection Devices and Accessories (Quality Control) Order, 2003, S.O. 189(E) dated 17 Feb 2003, Schedule item 11",2003-08-17,,https://www.bis.gov.in/MandatoryProducts/QCOrder/SO-No-189(E).pdf,2026-09-30
Residual current operated circuit breakers for household and similar uses–Part 2 Circuit breakers with integral overcurrent protection(RCVOs),IS 12640 (Part 2),ISI/QCO,"Electrical Wires, Cables, Appliances and Protection Devices and Accessories (Quality Control) Order, 2003, S.O. 189(E) dated 17 Feb 2003, Schedule item 12",2003-08-17,,https://www.bis.gov.in/MandatoryProducts/QCOrder/SO-No-189(E).pdf,2026-09-30
PVC insulated cables for working voltages up to and including 1100V,IS 694,ISI/QCO,"Electrical Wires, Cables, Appliances and Protection Devices and Accessories (Quality Control) Order, 2003, S.O. 189(E) dated 17 Feb 2003, Schedule item 20",2003-08-17,,https://www.bis.gov.in/MandatoryProducts/QCOrder/SO-No-189(E).pdf,2026-09-30
Elastomer insulated cables (Part.1): For working voltages up to and including1100 V,IS 9968 (Part 1),ISI/QCO,"Electrical Wires, Cables, Appliances and Protection Devices and Accessories (Quality Control) Order, 2003, S.O. 189(E) dated 17 Feb 2003, Schedule item 21",2003-08-17,,https://www.bis.gov.in/MandatoryProducts/QCOrder/SO-No-189(E).pdf,2026-09-30
"AC watt-hour meters, class 0.5, 1 & 2",IS 13010,ISI/QCO,"Electrical Wires, Cables, Appliances and Protection Devices and Accessories (Quality Control) Order, 2003, S.O. 189(E) dated 17 Feb 2003, Schedule item 22",2003-08-17,,https://www.bis.gov.in/MandatoryProducts/QCOrder/SO-No-189(E).pdf,2026-09-30
"AC static watt-hour meters, class 1 & 2",IS 13779,ISI/QCO,"Electrical Wires, Cables, Appliances and Protection Devices and Accessories (Quality Control) Order, 2003, S.O. 189(E) dated 17 Feb 2003, Schedule item 23",2003-08-17,,https://www.bis.gov.in/MandatoryProducts/QCOrder/SO-No-189(E).pdf,2026-09-30
"AC static transformer operated watt-hour and VAR- hour meters, class 0.2S & 0.5S",IS 14697,ISI/QCO,"Electrical Wires, Cables, Appliances and Protection Devices and Accessories (Quality Control) Order, 2003, S.O. 189(E) dated 17 Feb 2003, Schedule item 24",2003-08-17,,https://www.bis.gov.in/MandatoryProducts/QCOrder/SO-No-189(E).pdf,2026-09-30
